2025-11-16_22-51-36,None,draft.py:2025-11-16_22-51-36
2025-11-16_22-52-37,None,draft.py:2025-11-16_22-51-36
2025-11-16_22-55-24,None,draft.py:2025-11-16_22-55-24
2025-11-16_22-55-30,None,draft.py:2025-11-16_22-55-24
2025-11-16_23-11-50,None,draft.py:2025-11-16_23-11-50
2025-11-16_23-12-05,None,draft.py:2025-11-16_23-12-05
2025-11-16_23-12-20,None,draft.py:2025-11-16_23-12-20
2025-11-16_23-12-34,None,draft.py:2025-11-16_23-12-34
2025-11-16_23-13-12,None,draft.py:2025-11-16_23-13-12
2025-11-16_23-19-17,None,draft.py:2025-11-16_23-19-17
2025-11-16_23-30-54,None,draft.py:2025-11-16_23-30-54
2025-11-16_23-34-25,None,draft.py:2025-11-16_23-34-25
2025-11-16_23-39-51,None,draft.py:2025-11-16_23-39-51
2025-11-16_23-40-13,None,draft.py:2025-11-16_23-40-13
2025-11-16_23-40-29,None,draft.py:2025-11-16_23-40-29
2025-11-16_23-42-53,None,draft.py:2025-11-16_23-42-53
